Model,f2,f1,accuracy,precision,recall,tpr,fpr
Logistic Regression,0.8895230641784186,0.8699599354667875,0.9729997120926168,0.8392192745266757,0.9030676469956831,0.9030676469956831,0.019230339367733076
Decision Tree,0.8758257843314758,0.8416917081861011,0.9661347264259511,0.7903729100516979,0.9001698451473563,0.9001698451473563,0.026536095148729632
Random Forest,0.9708237022210223,0.93869131906119,0.9870194680860545,0.8896422194872429,0.9935047461284341,0.9935047461284341,0.013701062315189744
XGBoost,0.9704005763748755,0.9379728062134729,0.9868595864982946,0.8885198630054087,0.993305045778809,0.993305045778809,0.013856501907991878
Ensemble (Voting),0.9709514914694681,0.9383227648463286,0.9869295370332948,0.888584868620289,0.9940045461784592,0.9940045461784592,0.013856501907991878
Ensemble (Stacking),0.970681816892467,0.9387636592223462,0.9870394545951233,0.8900199694659022,0.9932050957538214,0.9932050957538214,0.013645546854133838
